<step title="Incoming Request" date="2025-12-04T11:50:46.716" instance="fbfb3d" url="/api/zipdeploy?isAsync=true" method="POST" type="request" pid="768,1,5" Accept="*/*" Host="speech-avatar-translate.scm.azurewebsites.net" User-Agent="AZURECLI/2.62.0 (MSI)" Accept-Encoding="gzip, deflate" Authorization="Bea..." Cache-Control="no-cache" Content-Type="application/octet-stream" Content-Length="26363" x-ms-client-request-id="0b4518a4-d107-11f0-847b-c4c6e6236265" X-ARR-LOG-ID="0b4518a4-d107-11f0-847b-c4c6e6236265" CLIENT-IP="49.207.128.207:11005" X-SITE-DEPLOYMENT-ID="speech-avatar-translate" WAS-DEFAULT-HOSTNAME="speech-avatar-translate.scm.azurewebsites.net" X-Forwarded-Proto="https" X-AppService-Proto="https" X-Forwarded-TlsVersion="1.3" X-WAWS-Unencoded-URL="/api/zipdeploy?isAsync=true" X-Client-IP="49.207.128.207" X-Client-Port="11005" >
  <step title="ZipPushDeploy" date="2025-12-04T11:50:47.281" >
    <step title="ZipDeploy. Extract zip. Remote build." date="2025-12-04T11:50:47.291" /><!-- duration: 4ms -->
    <step title="None repository commit" date="2025-12-04T11:50:47.302" >
      <step title="Commit id: 6c40927b-741b-44e1-9e58-efa3fa22a387" date="2025-12-04T11:50:47.305" Message="N/A" AuthorName="N/A" AuthorEmail="N/A" /><!-- duration: 3ms -->
    </step><!-- duration: 9ms -->
    <step title="Starting PushDeployAsync" date="2025-12-04T11:50:47.314" /><!-- duration: 3ms -->
    <step title="Writing artifact to /tmp/zipdeploy/2b3dd014-d4ae-4334-92e5-b99e76303d75.zip" date="2025-12-04T11:50:47.348" >
      <step title="Writing multipart request body to /tmp/zipdeploy/2b3dd014-d4ae-4334-92e5-b99e76303d75.zip" date="2025-12-04T11:50:47.353" /><!-- duration: 6ms -->
    </step><!-- duration: 70ms -->
    <step title="Start deployment in the background" date="2025-12-04T11:50:47.437" >
      <step title="Acquiring Deployment Lock" date="2025-12-04T11:50:47.455" /><!-- duration: 3ms -->
      <step title="Acquired Deployment Lock" date="2025-12-04T11:50:47.503" /><!-- duration: 4ms -->
    </step><!-- duration: 191ms -->
  </step><!-- duration: 356ms -->
  <step title="Outgoing response" date="2025-12-04T11:50:47.657" type="response" statusCode="202" statusText="Accepted" /><!-- duration: 5ms -->
</step><!-- duration: 951ms -->
