<step title="BackgroundTrace" date="2025-12-04T11:50:47.441" instance="fbfb3d" url="/api/zipdeploy" method="POST" >
  <step title="Creating temporary deployment - FetchDeploymentManager" date="2025-12-04T11:50:47.511" /><!-- duration: 3ms -->
  <step title="Creating temporary deployment" date="2025-12-04T11:50:47.518" /><!-- duration: 102ms -->
  <step title="Performing fetch based deployment" date="2025-12-04T11:50:47.683" >
    <step title="Cleaning up temp folders from previous zip deployments and extracting pushed zip file /tmp/zipdeploy/2b3dd014-d4ae-4334-92e5-b99e76303d75.zip (0.03 MB) to /tmp/zipdeploy/extracted" date="2025-12-04T11:50:48.854" >
      <step title="ChmodRecursive Process exited with total time taken in ms: 259" date="2025-12-04T11:50:49.146" /><!-- duration: 25ms -->
    </step><!-- duration: 424ms -->
    <step title="Deployment timer started" date="2025-12-04T11:50:51.289" >
      <step title="DeploymentManager.Deploy(id:6c40927b-741b-44e1-9e58-efa3fa22a387)" date="2025-12-04T11:50:51.297" >
        <step title="Collecting changeset information" date="2025-12-04T11:50:51.308" /><!-- duration: 82ms -->
        <step title="Updating submodules" date="2025-12-04T11:50:51.396" /><!-- duration: 1139ms -->
        <step title="Determining deployment builder" date="2025-12-04T11:50:52.724" >
          <step title="Builder is OryxBuilder" date="2025-12-04T11:50:52.733" /><!-- duration: 3ms -->
        </step><!-- duration: 15ms -->
        <step title="PreDeployment: context.CleanOutputPath False" date="2025-12-04T11:50:52.785" >
          <step title="PreDeployment: context.OutputPath /home/site/wwwroot" date="2025-12-04T11:50:52.909" >
            <step title="Building" date="2025-12-04T11:50:53.090" >
              <step title="Executing external process" date="2025-12-04T11:50:53.433" type="process" path="bash" arguments="-c &quot;oryx build /tmp/zipdeploy/extracted -o /home/site/wwwroot --platform python --platform-version 3.11 -p virtualenv_name=antenv --log-file /tmp/build-debug.log  -i /tmp/8de332b606aef18 --compress-destination-dir | tee /tmp/oryx-build.log ; exit $PIPESTATUS &quot;" /><!-- duration: 108134ms -->
              <step title="Using PythonDeploymentLogParser" date="2025-12-04T11:52:42.218" /><!-- duration: 3ms -->
              <step title="Triggering recycle (preview mode disabled)." date="2025-12-04T11:52:43.472" /><!-- duration: 8ms -->
              <step title="Modified file to trigger a restart of the app container." date="2025-12-04T11:52:43.543" /><!-- duration: 3ms -->
              <step title="Skip function trigger and logicapp sync because function is not enabled." date="2025-12-04T11:52:43.555" /><!-- duration: 9ms -->
            </step><!-- duration: 111124ms -->
          </step><!-- duration: 111311ms -->
          <step title="Cleaning up temp files" date="2025-12-04T11:52:44.223" /><!-- duration: 2298ms -->
          <step title="Cleaning up temp files" date="2025-12-04T11:52:46.533" /><!-- duration: 512ms -->
          <step title="Reloading status file with latest updates" date="2025-12-04T11:52:47.086" >
            <step title="WebHooksManager.PublishEventAsync: PostDeployment" date="2025-12-04T11:52:47.090" /><!-- duration: 61ms -->
          </step><!-- duration: 69ms -->
          <step title="Cleaning up temporary deployment - fetch deployment was successful" date="2025-12-04T11:52:47.165" /><!-- duration: 3ms -->
        </step><!-- duration: 114435ms -->
      </step><!-- duration: 115936ms -->
