﻿<?xml version="1.0" encoding="utf-8"?>
<deployment>
  <id>6c40927b-741b-44e1-9e58-efa3fa22a387</id>
  <author>N/A</author>
  <deployer>Push-Deployer</deployer>
  <authorEmail>N/A</authorEmail>
  <message>Created via a push deployment</message>
  <progress></progress>
  <status>Success</status>
  <statusText></statusText>
  <lastSuccessEndTime>2025-12-04T11:52:43.9225619Z</lastSuccessEndTime>
  <receivedTime>2025-12-04T11:50:51.3294279Z</receivedTime>
  <startTime>2025-12-04T11:50:52.6627823Z</startTime>
  <endTime>2025-12-04T11:52:43.9225619Z</endTime>
  <complete>True</complete>
  <is_temp>False</is_temp>
  <is_readonly>True</is_readonly>
  <buildSummary />
</deployment>